SA,Description,Service Areas by County,AVG,MAX
1,Weber Provo Division Canal,Utah,35500,67700
2,Oakley to Wanship,Summit,31300,40600
3,Wanship to Echo,Summit,10800,12700
4,Echo to Devils Slide,Morgan,9000,9800
5,Lost Creek,Morgan,6300,8600
6,Devils Slide to Stoddard,Morgan,21700,24900
7,Park City,Summit,6600,6600
8,East Canyon,Morgan,10800,13000
9,Stoddard to Gateway,Morgan,1500,1800
10,Gateway Canal,Davis,88600,101000
11,Davis Weber Canal,Davis,61900,82500
12,Weber Basin Project Ogden Valley,Weber,26800,31700
13,Ogden Brigham and S Ogden Valley,Weber,30700,34400
14,Ogden River Below Pineview,Weber,23300,26700
15,Slaterville,Weber,73400,102500
16,Warren Canal,Weber,19000,23200
17,Ogden Bay Bird Refuge,Weber,60500,60500
18,GSL Minerals,Weber,12800,17100
19,Gateway to Slaterville,Weber,18200,24300
