"0","```r
#BarCharts

LabelSA = DWRSA_Table$Description

plot_ly(data = CountyDemand_SA,type =\"bar\")


#Pie
library(plotly)

LabelSA = DWRSA_Table$Description

plot_ly(data =CountyDemand_SA,labels = LabelSA, values=CountyDemand_SA$X2015 ,type = \"pie\",domain = list(x =c(0,1/3),y=c(0,1))) %>%
  add_trace(data =CountyDemand_SA ,labels = LabelSA, values=CountyDemand_SA$X2070,type = \"pie\",domain =list(x=c(1/3,2/3),y=c(0,1)))%>%
  add_trace(data =CountyDemand_SA ,labels = LabelSA, values=CountyDemand_SA$X2150,type = \"pie\",domain =list(x=c(2/3,1),y=c(0,1)))
  


```"
