Run Number,Trace Number,Object.Slot,Timestep,Slot Value
1,0,Other Data.TotalStorage,11-30-2459 23:59:00,312577
1,0,Other Data.TotalStorage,12-31-2459 23:59:00,334639
1,0,Other Data.TotalStorage,01-31-2460 23:59:00,359697
1,0,Other Data.TotalStorage,02-29-2460 23:59:00,384473
1,0,Other Data.TotalStorage,03-31-2460 23:59:00,438529
1,0,Other Data.TotalStorage,04-30-2460 23:59:00,534621
1,0,Other Data.TotalStorage,05-31-2460 23:59:00,562584
1,0,Other Data.TotalStorage,06-30-2460 23:59:00,556283
1,0,Other Data.TotalStorage,07-31-2460 23:59:00,494372
1,0,Other Data.TotalStorage,08-31-2460 23:59:00,433498
1,0,Other Data.TotalStorage,09-30-2460 23:59:00,395268
1,0,Other Data.TotalStorage,10-31-2460 23:59:00,399338
1,0,Other Data.TotalStorage,11-30-2460 23:59:00,415547
1,0,Other Data.TotalStorage,12-31-2460 23:59:00,436276
1,0,Other Data.TotalStorage,01-31-2461 23:59:00,460229
1,0,Other Data.TotalStorage,02-28-2461 23:59:00,484174
1,0,Other Data.TotalStorage,03-31-2461 23:59:00,506925
1,0,Other Data.TotalStorage,04-30-2461 23:59:00,538830
1,0,Other Data.TotalStorage,05-31-2461 23:59:00,562584
1,0,Other Data.TotalStorage,06-30-2461 23:59:00,557957
1,0,Other Data.TotalStorage,07-31-2461 23:59:00,498637
1,0,Other Data.TotalStorage,08-31-2461 23:59:00,437974
1,0,Other Data.TotalStorage,09-30-2461 23:59:00,400876
1,0,Other Data.TotalStorage,10-31-2461 23:59:00,404248
1,0,Other Data.TotalStorage,11-30-2461 23:59:00,420755
1,0,Other Data.TotalStorage,12-31-2461 23:59:00,441654
1,0,Other Data.TotalStorage,01-31-2462 23:59:00,468170
1,0,Other Data.TotalStorage,02-28-2462 23:59:00,487425
1,0,Other Data.TotalStorage,03-31-2462 23:59:00,506139
1,0,Other Data.TotalStorage,04-30-2462 23:59:00,536559
1,0,Other Data.TotalStorage,05-31-2462 23:59:00,556917
1,0,Other Data.TotalStorage,06-30-2462 23:59:00,556496
1,0,Other Data.TotalStorage,07-31-2462 23:59:00,508432
1,0,Other Data.TotalStorage,08-31-2462 23:59:00,451314
1,0,Other Data.TotalStorage,09-30-2462 23:59:00,410268
1,0,Other Data.TotalStorage,10-31-2462 23:59:00,414791
1,0,Other Data.TotalStorage,11-30-2462 23:59:00,431986
1,0,Other Data.TotalStorage,12-31-2462 23:59:00,456109
1,0,Other Data.TotalStorage,01-31-2463 23:59:00,482352
1,0,Other Data.TotalStorage,02-28-2463 23:59:00,485729
1,0,Other Data.TotalStorage,03-31-2463 23:59:00,503267
1,0,Other Data.TotalStorage,04-30-2463 23:59:00,532773
1,0,Other Data.TotalStorage,05-31-2463 23:59:00,562584
1,0,Other Data.TotalStorage,06-30-2463 23:59:00,562585
1,0,Other Data.TotalStorage,07-31-2463 23:59:00,516687
1,0,Other Data.TotalStorage,08-31-2463 23:59:00,468540
1,0,Other Data.TotalStorage,09-30-2463 23:59:00,436686
1,0,Other Data.TotalStorage,10-31-2463 23:59:00,442076
1,0,Other Data.TotalStorage,11-30-2463 23:59:00,459735
1,0,Other Data.TotalStorage,12-31-2463 23:59:00,484096
1,0,Other Data.TotalStorage,01-31-2464 23:59:00,489016
1,0,Other Data.TotalStorage,02-29-2464 23:59:00,492639
1,0,Other Data.TotalStorage,03-31-2464 23:59:00,510039
1,0,Other Data.TotalStorage,04-30-2464 23:59:00,541516
1,0,Other Data.TotalStorage,05-31-2464 23:59:00,556432
1,0,Other Data.TotalStorage,06-30-2464 23:59:00,549030
1,0,Other Data.TotalStorage,07-31-2464 23:59:00,477609
1,0,Other Data.TotalStorage,08-31-2464 23:59:00,408791
1,0,Other Data.TotalStorage,09-30-2464 23:59:00,363674
1,0,Other Data.TotalStorage,10-31-2464 23:59:00,366576
1,0,Other Data.TotalStorage,11-30-2464 23:59:00,382699
1,0,Other Data.TotalStorage,12-31-2464 23:59:00,403328
1,0,Other Data.TotalStorage,01-31-2465 23:59:00,427555
1,0,Other Data.TotalStorage,02-28-2465 23:59:00,451851
1,0,Other Data.TotalStorage,03-31-2465 23:59:00,497482
1,0,Other Data.TotalStorage,04-30-2465 23:59:00,535130
1,0,Other Data.TotalStorage,05-31-2465 23:59:00,551694
1,0,Other Data.TotalStorage,06-30-2465 23:59:00,547171
1,0,Other Data.TotalStorage,07-31-2465 23:59:00,479601
1,0,Other Data.TotalStorage,08-31-2465 23:59:00,411640
1,0,Other Data.TotalStorage,09-30-2465 23:59:00,367071
1,0,Other Data.TotalStorage,10-31-2465 23:59:00,371137
1,0,Other Data.TotalStorage,11-30-2465 23:59:00,386715
1,0,Other Data.TotalStorage,12-31-2465 23:59:00,407282
1,0,Other Data.TotalStorage,01-31-2466 23:59:00,429929
1,0,Other Data.TotalStorage,02-28-2466 23:59:00,453350
1,0,Other Data.TotalStorage,03-31-2466 23:59:00,496333
1,0,Other Data.TotalStorage,04-30-2466 23:59:00,531983
1,0,Other Data.TotalStorage,05-31-2466 23:59:00,561102
1,0,Other Data.TotalStorage,06-30-2466 23:59:00,555303
1,0,Other Data.TotalStorage,07-31-2466 23:59:00,486281
1,0,Other Data.TotalStorage,08-31-2466 23:59:00,416035
1,0,Other Data.TotalStorage,09-30-2466 23:59:00,374638
1,0,Other Data.TotalStorage,10-31-2466 23:59:00,387897
1,0,Other Data.TotalStorage,11-30-2466 23:59:00,404598
1,0,Other Data.TotalStorage,12-31-2466 23:59:00,428407
1,0,Other Data.TotalStorage,01-31-2467 23:59:00,455547
1,0,Other Data.TotalStorage,02-28-2467 23:59:00,479878
1,0,Other Data.TotalStorage,03-31-2467 23:59:00,508789
1,0,Other Data.TotalStorage,04-30-2467 23:59:00,543494
1,0,Other Data.TotalStorage,05-31-2467 23:59:00,562584
1,0,Other Data.TotalStorage,06-30-2467 23:59:00,562585
1,0,Other Data.TotalStorage,07-31-2467 23:59:00,547885
1,0,Other Data.TotalStorage,08-31-2467 23:59:00,509956
1,0,Other Data.TotalStorage,09-30-2467 23:59:00,490058
1,0,Other Data.TotalStorage,10-31-2467 23:59:00,511894
1,0,Other Data.TotalStorage,11-30-2467 23:59:00,517027
1,0,Other Data.TotalStorage,12-31-2467 23:59:00,520043
1,0,Other Data.TotalStorage,01-31-2468 23:59:00,523280
1,0,Other Data.TotalStorage,02-29-2468 23:59:00,528795
1,0,Other Data.TotalStorage,03-31-2468 23:59:00,546716
1,0,Other Data.TotalStorage,04-30-2468 23:59:00,562583
1,0,Other Data.TotalStorage,05-31-2468 23:59:00,562584
1,0,Other Data.TotalStorage,06-30-2468 23:59:00,562585
1,0,Other Data.TotalStorage,07-31-2468 23:59:00,526076
1,0,Other Data.TotalStorage,08-31-2468 23:59:00,477257
1,0,Other Data.TotalStorage,09-30-2468 23:59:00,442686
1,0,Other Data.TotalStorage,10-31-2468 23:59:00,460808
1,0,Other Data.TotalStorage,11-30-2468 23:59:00,488542
1,0,Other Data.TotalStorage,12-31-2468 23:59:00,494756
1,0,Other Data.TotalStorage,01-31-2469 23:59:00,497985
1,0,Other Data.TotalStorage,02-28-2469 23:59:00,502025
1,0,Other Data.TotalStorage,03-31-2469 23:59:00,519724
1,0,Other Data.TotalStorage,04-30-2469 23:59:00,550012
1,0,Other Data.TotalStorage,05-31-2469 23:59:00,559147
1,0,Other Data.TotalStorage,06-30-2469 23:59:00,553200
1,0,Other Data.TotalStorage,07-31-2469 23:59:00,478646
1,0,Other Data.TotalStorage,08-31-2469 23:59:00,413343
1,0,Other Data.TotalStorage,09-30-2469 23:59:00,370493
1,0,Other Data.TotalStorage,10-31-2469 23:59:00,366999
1,0,Other Data.TotalStorage,11-30-2469 23:59:00,382717
1,0,Other Data.TotalStorage,12-31-2469 23:59:00,402211
1,0,Other Data.TotalStorage,01-31-2470 23:59:00,424299
1,0,Other Data.TotalStorage,02-28-2470 23:59:00,445619
1,0,Other Data.TotalStorage,03-31-2470 23:59:00,493740
1,0,Other Data.TotalStorage,04-30-2470 23:59:00,533719
1,0,Other Data.TotalStorage,05-31-2470 23:59:00,524927
1,0,Other Data.TotalStorage,06-30-2470 23:59:00,501584
1,0,Other Data.TotalStorage,07-31-2470 23:59:00,420871
1,0,Other Data.TotalStorage,08-31-2470 23:59:00,348390
1,0,Other Data.TotalStorage,09-30-2470 23:59:00,299523
1,0,Other Data.TotalStorage,10-31-2470 23:59:00,295639
1,0,Other Data.TotalStorage,11-30-2470 23:59:00,311875
1,0,Other Data.TotalStorage,12-31-2470 23:59:00,329731
1,0,Other Data.TotalStorage,01-31-2471 23:59:00,348518
1,0,Other Data.TotalStorage,02-28-2471 23:59:00,369636
1,0,Other Data.TotalStorage,03-31-2471 23:59:00,419829
1,0,Other Data.TotalStorage,04-30-2471 23:59:00,492378
1,0,Other Data.TotalStorage,05-31-2471 23:59:00,541440
1,0,Other Data.TotalStorage,06-30-2471 23:59:00,553444
1,0,Other Data.TotalStorage,07-31-2471 23:59:00,510468
1,0,Other Data.TotalStorage,08-31-2471 23:59:00,455841
1,0,Other Data.TotalStorage,09-30-2471 23:59:00,420419
1,0,Other Data.TotalStorage,10-31-2471 23:59:00,430596
1,0,Other Data.TotalStorage,11-30-2471 23:59:00,447215
1,0,Other Data.TotalStorage,12-31-2471 23:59:00,468425
1,0,Other Data.TotalStorage,01-31-2472 23:59:00,481996
1,0,Other Data.TotalStorage,02-29-2472 23:59:00,485315
1,0,Other Data.TotalStorage,03-31-2472 23:59:00,502712
1,0,Other Data.TotalStorage,04-30-2472 23:59:00,530916
1,0,Other Data.TotalStorage,05-31-2472 23:59:00,562584
1,0,Other Data.TotalStorage,06-30-2472 23:59:00,562585
1,0,Other Data.TotalStorage,07-31-2472 23:59:00,509101
1,0,Other Data.TotalStorage,08-31-2472 23:59:00,451020
1,0,Other Data.TotalStorage,09-30-2472 23:59:00,413431
1,0,Other Data.TotalStorage,10-31-2472 23:59:00,425159
1,0,Other Data.TotalStorage,11-30-2472 23:59:00,443680
1,0,Other Data.TotalStorage,12-31-2472 23:59:00,467543
1,0,Other Data.TotalStorage,01-31-2473 23:59:00,488423
1,0,Other Data.TotalStorage,02-28-2473 23:59:00,491700
1,0,Other Data.TotalStorage,03-31-2473 23:59:00,509101
1,0,Other Data.TotalStorage,04-30-2473 23:59:00,539139
1,0,Other Data.TotalStorage,05-31-2473 23:59:00,555356
1,0,Other Data.TotalStorage,06-30-2473 23:59:00,553603
1,0,Other Data.TotalStorage,07-31-2473 23:59:00,494036
1,0,Other Data.TotalStorage,08-31-2473 23:59:00,432207
1,0,Other Data.TotalStorage,09-30-2473 23:59:00,389044
1,0,Other Data.TotalStorage,10-31-2473 23:59:00,388936
1,0,Other Data.TotalStorage,11-30-2473 23:59:00,404884
1,0,Other Data.TotalStorage,12-31-2473 23:59:00,425513
1,0,Other Data.TotalStorage,01-31-2474 23:59:00,449177
1,0,Other Data.TotalStorage,02-28-2474 23:59:00,472502
1,0,Other Data.TotalStorage,03-31-2474 23:59:00,502768
1,0,Other Data.TotalStorage,04-30-2474 23:59:00,530723
1,0,Other Data.TotalStorage,05-31-2474 23:59:00,523420
1,0,Other Data.TotalStorage,06-30-2474 23:59:00,510128
1,0,Other Data.TotalStorage,07-31-2474 23:59:00,429756
1,0,Other Data.TotalStorage,08-31-2474 23:59:00,356867
1,0,Other Data.TotalStorage,09-30-2474 23:59:00,308057
1,0,Other Data.TotalStorage,10-31-2474 23:59:00,302115
1,0,Other Data.TotalStorage,11-30-2474 23:59:00,318723
1,0,Other Data.TotalStorage,12-31-2474 23:59:00,336022
1,0,Other Data.TotalStorage,01-31-2475 23:59:00,354160
1,0,Other Data.TotalStorage,02-28-2475 23:59:00,374500
1,0,Other Data.TotalStorage,03-31-2475 23:59:00,420610
1,0,Other Data.TotalStorage,04-30-2475 23:59:00,487586
1,0,Other Data.TotalStorage,05-31-2475 23:59:00,458796
1,0,Other Data.TotalStorage,06-30-2475 23:59:00,428953
1,0,Other Data.TotalStorage,07-31-2475 23:59:00,349335
1,0,Other Data.TotalStorage,08-31-2475 23:59:00,277034
1,0,Other Data.TotalStorage,09-30-2475 23:59:00,228994
1,0,Other Data.TotalStorage,10-31-2475 23:59:00,227097
1,0,Other Data.TotalStorage,11-30-2475 23:59:00,243003
1,0,Other Data.TotalStorage,12-31-2475 23:59:00,262039
1,0,Other Data.TotalStorage,01-31-2476 23:59:00,280342
1,0,Other Data.TotalStorage,02-29-2476 23:59:00,302321
1,0,Other Data.TotalStorage,03-31-2476 23:59:00,353074
1,0,Other Data.TotalStorage,04-30-2476 23:59:00,450140
1,0,Other Data.TotalStorage,05-31-2476 23:59:00,516739
1,0,Other Data.TotalStorage,06-30-2476 23:59:00,518072
1,0,Other Data.TotalStorage,07-31-2476 23:59:00,458602
1,0,Other Data.TotalStorage,08-31-2476 23:59:00,388445
1,0,Other Data.TotalStorage,09-30-2476 23:59:00,342280
1,0,Other Data.TotalStorage,10-31-2476 23:59:00,347112
1,0,Other Data.TotalStorage,11-30-2476 23:59:00,362637
1,0,Other Data.TotalStorage,12-31-2476 23:59:00,383233
1,0,Other Data.TotalStorage,01-31-2477 23:59:00,407136
1,0,Other Data.TotalStorage,02-28-2477 23:59:00,431663
1,0,Other Data.TotalStorage,03-31-2477 23:59:00,468320
1,0,Other Data.TotalStorage,04-30-2477 23:59:00,503974
1,0,Other Data.TotalStorage,05-31-2477 23:59:00,554878
1,0,Other Data.TotalStorage,06-30-2477 23:59:00,554824
1,0,Other Data.TotalStorage,07-31-2477 23:59:00,500107
1,0,Other Data.TotalStorage,08-31-2477 23:59:00,438133
1,0,Other Data.TotalStorage,09-30-2477 23:59:00,398410
1,0,Other Data.TotalStorage,10-31-2477 23:59:00,402607
1,0,Other Data.TotalStorage,11-30-2477 23:59:00,418248
1,0,Other Data.TotalStorage,12-31-2477 23:59:00,438644
1,0,Other Data.TotalStorage,01-31-2478 23:59:00,463172
1,0,Other Data.TotalStorage,02-28-2478 23:59:00,485024
1,0,Other Data.TotalStorage,03-31-2478 23:59:00,503142
1,0,Other Data.TotalStorage,04-30-2478 23:59:00,532064
1,0,Other Data.TotalStorage,05-31-2478 23:59:00,552646
1,0,Other Data.TotalStorage,06-30-2478 23:59:00,549867
1,0,Other Data.TotalStorage,07-31-2478 23:59:00,498794
1,0,Other Data.TotalStorage,08-31-2478 23:59:00,436641
1,0,Other Data.TotalStorage,09-30-2478 23:59:00,396868
1,0,Other Data.TotalStorage,10-31-2478 23:59:00,405011
1,0,Other Data.TotalStorage,11-30-2478 23:59:00,421619
1,0,Other Data.TotalStorage,12-31-2478 23:59:00,442905
1,0,Other Data.TotalStorage,01-31-2479 23:59:00,471936
1,0,Other Data.TotalStorage,02-28-2479 23:59:00,480830
1,0,Other Data.TotalStorage,03-31-2479 23:59:00,498402
1,0,Other Data.TotalStorage,04-30-2479 23:59:00,527173
1,0,Other Data.TotalStorage,05-31-2479 23:59:00,556533
1,0,Other Data.TotalStorage,06-30-2479 23:59:00,562585
1,0,Other Data.TotalStorage,07-31-2479 23:59:00,537612
1,0,Other Data.TotalStorage,08-31-2479 23:59:00,494307
1,0,Other Data.TotalStorage,09-30-2479 23:59:00,460923
1,0,Other Data.TotalStorage,10-31-2479 23:59:00,461557
1,0,Other Data.TotalStorage,11-30-2479 23:59:00,477385
1,0,Other Data.TotalStorage,12-31-2479 23:59:00,497985
1,0,Other Data.TotalStorage,01-31-2480 23:59:00,506480
1,0,Other Data.TotalStorage,02-29-2480 23:59:00,510550
1,0,Other Data.TotalStorage,03-31-2480 23:59:00,527720
1,0,Other Data.TotalStorage,04-30-2480 23:59:00,556026
1,0,Other Data.TotalStorage,05-31-2480 23:59:00,548680
1,0,Other Data.TotalStorage,06-30-2480 23:59:00,541343
1,0,Other Data.TotalStorage,07-31-2480 23:59:00,470893
1,0,Other Data.TotalStorage,08-31-2480 23:59:00,399449
1,0,Other Data.TotalStorage,09-30-2480 23:59:00,352815
1,0,Other Data.TotalStorage,10-31-2480 23:59:00,354235
1,0,Other Data.TotalStorage,11-30-2480 23:59:00,370625
1,0,Other Data.TotalStorage,12-31-2480 23:59:00,391329
1,0,Other Data.TotalStorage,01-31-2481 23:59:00,416610
1,0,Other Data.TotalStorage,02-28-2481 23:59:00,441867
1,0,Other Data.TotalStorage,03-31-2481 23:59:00,489870
1,0,Other Data.TotalStorage,04-30-2481 23:59:00,528803
1,0,Other Data.TotalStorage,05-31-2481 23:59:00,531719
1,0,Other Data.TotalStorage,06-30-2481 23:59:00,530993
1,0,Other Data.TotalStorage,07-31-2481 23:59:00,469942
1,0,Other Data.TotalStorage,08-31-2481 23:59:00,405731
1,0,Other Data.TotalStorage,09-30-2481 23:59:00,360565
1,0,Other Data.TotalStorage,10-31-2481 23:59:00,355962
1,0,Other Data.TotalStorage,11-30-2481 23:59:00,372137
1,0,Other Data.TotalStorage,12-31-2481 23:59:00,390110
1,0,Other Data.TotalStorage,01-31-2482 23:59:00,409370
1,0,Other Data.TotalStorage,02-28-2482 23:59:00,430013
1,0,Other Data.TotalStorage,03-31-2482 23:59:00,475433
1,0,Other Data.TotalStorage,04-30-2482 23:59:00,514297
1,0,Other Data.TotalStorage,05-31-2482 23:59:00,494229
1,0,Other Data.TotalStorage,06-30-2482 23:59:00,464198
1,0,Other Data.TotalStorage,07-31-2482 23:59:00,387494
1,0,Other Data.TotalStorage,08-31-2482 23:59:00,314631
1,0,Other Data.TotalStorage,09-30-2482 23:59:00,266229
1,0,Other Data.TotalStorage,10-31-2482 23:59:00,263044
1,0,Other Data.TotalStorage,11-30-2482 23:59:00,279139
1,0,Other Data.TotalStorage,12-31-2482 23:59:00,297088
1,0,Other Data.TotalStorage,01-31-2483 23:59:00,317670
1,0,Other Data.TotalStorage,02-28-2483 23:59:00,340001
1,0,Other Data.TotalStorage,03-31-2483 23:59:00,392371
1,0,Other Data.TotalStorage,04-30-2483 23:59:00,486864
1,0,Other Data.TotalStorage,05-31-2483 23:59:00,512302
1,0,Other Data.TotalStorage,06-30-2483 23:59:00,517840
1,0,Other Data.TotalStorage,07-31-2483 23:59:00,469968
1,0,Other Data.TotalStorage,08-31-2483 23:59:00,408894
1,0,Other Data.TotalStorage,09-30-2483 23:59:00,368950
1,0,Other Data.TotalStorage,10-31-2483 23:59:00,373316
1,0,Other Data.TotalStorage,11-30-2483 23:59:00,388896
1,0,Other Data.TotalStorage,12-31-2483 23:59:00,409154
1,0,Other Data.TotalStorage,01-31-2484 23:59:00,432864
1,0,Other Data.TotalStorage,02-29-2484 23:59:00,455324
1,0,Other Data.TotalStorage,03-31-2484 23:59:00,475933
1,0,Other Data.TotalStorage,04-30-2484 23:59:00,507981
1,0,Other Data.TotalStorage,05-31-2484 23:59:00,529951
1,0,Other Data.TotalStorage,06-30-2484 23:59:00,530265
1,0,Other Data.TotalStorage,07-31-2484 23:59:00,481399
1,0,Other Data.TotalStorage,08-31-2484 23:59:00,416682
1,0,Other Data.TotalStorage,09-30-2484 23:59:00,374777
1,0,Other Data.TotalStorage,10-31-2484 23:59:00,379878
1,0,Other Data.TotalStorage,11-30-2484 23:59:00,395457
1,0,Other Data.TotalStorage,12-31-2484 23:59:00,415553
1,0,Other Data.TotalStorage,01-31-2485 23:59:00,441063
1,0,Other Data.TotalStorage,02-28-2485 23:59:00,461302
1,0,Other Data.TotalStorage,03-31-2485 23:59:00,479998
1,0,Other Data.TotalStorage,04-30-2485 23:59:00,507980
1,0,Other Data.TotalStorage,05-31-2485 23:59:00,546934
1,0,Other Data.TotalStorage,06-30-2485 23:59:00,548679
1,0,Other Data.TotalStorage,07-31-2485 23:59:00,507896
1,0,Other Data.TotalStorage,08-31-2485 23:59:00,450473
1,0,Other Data.TotalStorage,09-30-2485 23:59:00,414276
1,0,Other Data.TotalStorage,10-31-2485 23:59:00,429374
1,0,Other Data.TotalStorage,11-30-2485 23:59:00,447097
1,0,Other Data.TotalStorage,12-31-2485 23:59:00,470526
1,0,Other Data.TotalStorage,01-31-2486 23:59:00,480952
1,0,Other Data.TotalStorage,02-28-2486 23:59:00,485498
1,0,Other Data.TotalStorage,03-31-2486 23:59:00,503294
1,0,Other Data.TotalStorage,04-30-2486 23:59:00,534003
1,0,Other Data.TotalStorage,05-31-2486 23:59:00,562584
1,0,Other Data.TotalStorage,06-30-2486 23:59:00,562585
1,0,Other Data.TotalStorage,07-31-2486 23:59:00,548072
1,0,Other Data.TotalStorage,08-31-2486 23:59:00,505645
1,0,Other Data.TotalStorage,09-30-2486 23:59:00,475752
1,0,Other Data.TotalStorage,10-31-2486 23:59:00,497795
1,0,Other Data.TotalStorage,11-30-2486 23:59:00,506233
1,0,Other Data.TotalStorage,12-31-2486 23:59:00,509530
1,0,Other Data.TotalStorage,01-31-2487 23:59:00,512770
1,0,Other Data.TotalStorage,02-28-2487 23:59:00,517429
1,0,Other Data.TotalStorage,03-31-2487 23:59:00,535187
1,0,Other Data.TotalStorage,04-30-2487 23:59:00,562583
1,0,Other Data.TotalStorage,05-31-2487 23:59:00,562584
1,0,Other Data.TotalStorage,06-30-2487 23:59:00,562585
1,0,Other Data.TotalStorage,07-31-2487 23:59:00,510607
1,0,Other Data.TotalStorage,08-31-2487 23:59:00,452341
1,0,Other Data.TotalStorage,09-30-2487 23:59:00,413240
1,0,Other Data.TotalStorage,10-31-2487 23:59:00,412329
1,0,Other Data.TotalStorage,11-30-2487 23:59:00,427941
1,0,Other Data.TotalStorage,12-31-2487 23:59:00,447640
1,0,Other Data.TotalStorage,01-31-2488 23:59:00,473979
1,0,Other Data.TotalStorage,02-29-2488 23:59:00,491981
1,0,Other Data.TotalStorage,03-31-2488 23:59:00,509348
1,0,Other Data.TotalStorage,04-30-2488 23:59:00,538249
1,0,Other Data.TotalStorage,05-31-2488 23:59:00,531219
1,0,Other Data.TotalStorage,06-30-2488 23:59:00,529377
1,0,Other Data.TotalStorage,07-31-2488 23:59:00,475749
1,0,Other Data.TotalStorage,08-31-2488 23:59:00,415499
1,0,Other Data.TotalStorage,09-30-2488 23:59:00,374491
1,0,Other Data.TotalStorage,10-31-2488 23:59:00,377707
1,0,Other Data.TotalStorage,11-30-2488 23:59:00,393864
1,0,Other Data.TotalStorage,12-31-2488 23:59:00,414564
1,0,Other Data.TotalStorage,01-31-2489 23:59:00,440554
1,0,Other Data.TotalStorage,02-28-2489 23:59:00,461347
1,0,Other Data.TotalStorage,03-31-2489 23:59:00,478883
1,0,Other Data.TotalStorage,04-30-2489 23:59:00,509813
1,0,Other Data.TotalStorage,05-31-2489 23:59:00,516522
1,0,Other Data.TotalStorage,06-30-2489 23:59:00,528635
1,0,Other Data.TotalStorage,07-31-2489 23:59:00,498484
1,0,Other Data.TotalStorage,08-31-2489 23:59:00,447984
1,0,Other Data.TotalStorage,09-30-2489 23:59:00,407121
